{
  "ds1": {
    "dataset_file": "S07-hw-dataset-01.csv",
    "kmeans": {
      "2": {
        "silhouette": 0.5216395622404242,
        "davies_bouldin": 0.6853295219054459,
        "calinski_harabasz": 11786.954622671528
      },
      "3": {
        "silhouette": 0.39675785208949865,
        "davies_bouldin": 0.9646042500366256,
        "calinski_harabasz": 10446.638111140073
      },
      "4": {
        "silhouette": 0.38330054183984436,
        "davies_bouldin": 1.1603490405338501,
        "calinski_harabasz": 9427.499744196683
      },
      "5": {
        "silhouette": 0.3548010094581461,
        "davies_bouldin": 1.273718688223341,
        "calinski_harabasz": 8301.205993638541
      },
      "6": {
        "silhouette": 0.3585612534599804,
        "davies_bouldin": 1.1822563058722355,
        "calinski_harabasz": 7333.387619484842
      },
      "7": {
        "silhouette": 0.3246065284402385,
        "davies_bouldin": 1.1941620120662246,
        "calinski_harabasz": 6823.00784381894
      },
      "8": {
        "silhouette": 0.26887342610287457,
        "davies_bouldin": 1.3141804010152645,
        "calinski_harabasz": 6460.801051738207
      },
      "9": {
        "silhouette": 0.2533723319267118,
        "davies_bouldin": 1.343964489505401,
        "calinski_harabasz": 6255.217145281708
      },
      "10": {
        "silhouette": 0.26291441714215824,
        "davies_bouldin": 1.27698455262466,
        "calinski_harabasz": 6084.5030865672
      }
    },
    "dbscan": {
      "eps=0.3,min_samples=5": {
        "metrics": {
          "silhouette": -0.12209323900274227,
          "davies_bouldin": 0.9763381977445779,
          "calinski_harabasz": 308.14515900504364
        },
        "noise_share": 0.4335
      },
      "eps=0.3,min_samples=10": {
        "metrics": {
          "silhouette": 0.1652262191207022,
          "davies_bouldin": 0.9644528958615065,
          "calinski_harabasz": 541.0714345697361
        },
        "noise_share": 0.6221666666666666
      },
      "eps=0.5,min_samples=5": {
        "metrics": {
          "silhouette": 0.28312477366901373,
          "davies_bouldin": 0.946760657362018,
          "calinski_harabasz": 4301.220982297523
        },
        "noise_share": 0.033666666666666664
      },
      "eps=0.5,min_samples=10": {
        "metrics": {
          "silhouette": 0.3655964732547347,
          "davies_bouldin": 1.105617073026093,
          "calinski_harabasz": 6993.106479197186
        },
        "noise_share": 0.06225
      },
      "eps=0.7,min_samples=5": {
        "metrics": {
          "silhouette": 0.37959302555576,
          "davies_bouldin": 1.261412367697817,
          "calinski_harabasz": 8354.89125960548
        },
        "noise_share": 0.003833333333333333
      },
      "eps=0.7,min_samples=10": {
        "metrics": {
          "silhouette": 0.3806142243776874,
          "davies_bouldin": 1.2565167015495033,
          "calinski_harabasz": 8408.060783387162
        },
        "noise_share": 0.006666666666666667
      },
      "eps=1.0,min_samples=5": {
        "metrics": {
          "silhouette": 0.3836639710520922,
          "davies_bouldin": 1.1590757053677831,
          "calinski_harabasz": 9456.27699849212
        },
        "noise_share": 0.0005833333333333334
      },
      "eps=1.0,min_samples=10": {
        "metrics": {
          "silhouette": 0.383734806495279,
          "davies_bouldin": 1.158923149122788,
          "calinski_harabasz": 9460.941982193219
        },
        "noise_share": 0.0006666666666666666
      },
      "eps=1.5,min_samples=5": {
        "metrics": {
          "silhouette": 0.3967888223601393,
          "davies_bouldin": 0.9644102343879997,
          "calinski_harabasz": 10446.597694416176
        },
        "noise_share": 0.0
      },
      "eps=1.5,min_samples=10": {
        "metrics": {
          "silhouette": 0.3967888223601393,
          "davies_bouldin": 0.9644102343879997,
          "calinski_harabasz": 10446.597694416176
        },
        "noise_share": 0.0
      }
    },
    "best_method": "kmeans",
    "best_metrics": {
      "silhouette": 0.5216395622404242,
      "davies_bouldin": 0.6853295219054459,
      "calinski_harabasz": 11786.954622671528
    },
    "best_noise_share": null
  },
  "ds2": {
    "dataset_file": "S07-hw-dataset-02.csv",
    "kmeans": {
      "2": {
        "silhouette": 0.3068610017701601,
        "davies_bouldin": 1.3234721699867644,
        "calinski_harabasz": 3573.3933329348392
      },
      "3": {
        "silhouette": 0.27004522856451274,
        "davies_bouldin": 1.2226592908750664,
        "calinski_harabasz": 3082.272074544635
      },
      "4": {
        "silhouette": 0.2514805632951281,
        "davies_bouldin": 1.2998187751155688,
        "calinski_harabasz": 2915.565357085485
      },
      "5": {
        "silhouette": 0.25211519070471305,
        "davies_bouldin": 1.2138337452137868,
        "calinski_harabasz": 2703.5897042630368
      },
      "6": {
        "silhouette": 0.25981972898842143,
        "davies_bouldin": 1.159521129561412,
        "calinski_harabasz": 2571.0909314132814
      },
      "7": {
        "silhouette": 0.2536432556085209,
        "davies_bouldin": 1.1723338222249964,
        "calinski_harabasz": 2453.500966352129
      },
      "8": {
        "silhouette": 0.25230459123826915,
        "davies_bouldin": 1.1001780140666457,
        "calinski_harabasz": 2408.5165874822683
      },
      "9": {
        "silhouette": 0.2524627947838528,
        "davies_bouldin": 1.0895692637687338,
        "calinski_harabasz": 2379.9899548084677
      },
      "10": {
        "silhouette": 0.2608689477630066,
        "davies_bouldin": 1.057141940706856,
        "calinski_harabasz": 2408.1920107466526
      }
    },
    "dbscan": {
      "eps=0.1,min_samples=5": {
        "metrics": {
          "silhouette": -0.12911645090965929,
          "davies_bouldin": 0.876438069307012,
          "calinski_harabasz": 158.77342657514544
        },
        "noise_share": 0.47925
      },
      "eps=0.1,min_samples=10": {
        "metrics": {
          "silhouette": 0.5812458584406734,
          "davies_bouldin": 0.5779820069800065,
          "calinski_harabasz": 2758.1225203015906
        },
        "noise_share": 0.9185
      },
      "eps=0.1,min_samples=20": {
        "metrics": null,
        "noise_share": 1.0
      },
      "eps=0.2,min_samples=5": {
        "metrics": {
          "silhouette": -0.035651452172737595,
          "davies_bouldin": 0.7924076487866872,
          "calinski_harabasz": 377.85757728768266
        },
        "noise_share": 0.102
      },
      "eps=0.2,min_samples=10": {
        "metrics": {
          "silhouette": 0.10136573219774914,
          "davies_bouldin": 0.955093271025593,
          "calinski_harabasz": 768.5791007146563
        },
        "noise_share": 0.14725
      },
      "eps=0.2,min_samples=20": {
        "metrics": {
          "silhouette": -0.052066045550450135,
          "davies_bouldin": 1.0071497621375116,
          "calinski_harabasz": 823.6636999847728
        },
        "noise_share": 0.258125
      },
      "eps=0.3,min_samples=5": {
        "metrics": {
          "silhouette": 0.08522505460147263,
          "davies_bouldin": 0.5896990784253007,
          "calinski_harabasz": 21.95165666653018
        },
        "noise_share": 0.072375
      },
      "eps=0.3,min_samples=10": {
        "metrics": null,
        "noise_share": 0.085875
      },
      "eps=0.3,min_samples=20": {
        "metrics": {
          "silhouette": 0.2584735499110538,
          "davies_bouldin": 1.4842308402799644,
          "calinski_harabasz": 2879.36003710373
        },
        "noise_share": 0.115125
      },
      "eps=0.4,min_samples=5": {
        "metrics": {
          "silhouette": 0.1348634337829502,
          "davies_bouldin": 0.6041569055438092,
          "calinski_harabasz": 31.396114775294762
        },
        "noise_share": 0.061875
      },