experiment_id,dataset,seed,model_summary,optimizer,lr,momentum,weight_decay,epochs_trained,best_epoch,best_val_accuracy,best_val_loss,final_val_accuracy,final_val_loss,test_accuracy
E1,EMNIST-balanced,42,"hidden=[512, 256]; activation=relu; dropout=0.0; batchnorm=False",Adam,0.001,0.0,0.0,10,10,0.843395390070922,0.4984729451490632,0.843395390070922,0.4984729451490632,
E2,EMNIST-balanced,42,"hidden=[512, 256]; activation=relu; dropout=0.3; batchnorm=False",Adam,0.001,0.0,0.0,10,10,0.8351507092198581,0.4844138735152305,0.8351507092198581,0.4844138735152305,
E3,EMNIST-balanced,42,"hidden=[512, 256]; activation=relu; dropout=0.0; batchnorm=True",Adam,0.001,0.0,0.0,10,9,0.8550531914893617,0.4633821508563157,0.8550531914893617,0.4633821508563157,
E4,EMNIST-balanced,42,"hidden=[512, 256]; activation=relu; dropout=0.0; batchnorm=True",Adam,0.001,0.0,0.0,15,12,0.8561170212765957,0.47822228209346745,0.8561170212765957,0.47822228209346745,0.8520744680851063
O1,EMNIST-balanced,42,"hidden=[512, 256]; activation=relu; dropout=0.0; batchnorm=True",Adam,1.0,0.0,0.0,6,4,0.022650709219858157,3.9717736930711895,0.022650709219858157,3.9717736930711895,
O2,EMNIST-balanced,42,"hidden=[512, 256]; activation=relu; dropout=0.0; batchnorm=True",Adam,1e-05,0.0,0.0,6,6,0.7004432624113475,1.3230460533859036,0.7004432624113475,1.3230460533859036,
O3,EMNIST-balanced,42,"hidden=[512, 256]; activation=relu; dropout=0.0; batchnorm=True",SGD,0.05,0.9,0.0001,10,7,0.8516843971631206,0.44632004850299645,0.8516843971631206,0.44632004850299645,
